Severity,Sensor,Interfaces,Event,Src Host,Src Hosts,Dst Host,Dst Hosts,Src Subnet,Src Subnets,Dst Subnet,Dst Subnets,Src User,Dst User,Service,Service Type,Protocol,Events,Start time,End time
8,mendel,eno2,Scan: Internal Scan-like Behavior,tmb_klm1 (147.232.31.42),1,tunet (147.232.31.1),1,Automatically created subnet (147.232.31.0/24),1,Automatically created subnet (147.232.31.0/24),1,,,,ANY,TCP (6),2,2024-06-25 08:35:26,2024-06-25 08:36:14
7,mendel,eno2,Adware-pup: InnoDownloadPlugin User-Agent Observed,tmb_klm1 (147.232.31.42),1,download.visualstudio.microsoft.com (68.232.34.200),1,Automatically created subnet (147.232.31.0/24),1,EDGECAST,1,,,HTTP (80),REMOTE,TCP (6),4,2024-06-26 12:45:00,2024-06-26 12:46:59
7,mendel,eno2,Blacklist: Tor blacklist,tmb_klm1 (147.232.31.42),1,thisis.feralhosting.com (185.21.216.197),1,Automatically created subnet (147.232.31.0/24),1,Feral.io Ltd,1,,,54507,REMOTE,TCP (6),1,2024-06-26 08:57:00,2024-06-26 08:58:59
6,mendel,eno2,Policy: Request to an external DNS server,tmb_klm1 (147.232.31.42),2,rs1.tuke.sk (147.232.3.2),1,Automatically created subnet (147.232.31.0/24),1,Zdruzenie pouzivatelov Slovenskej akademickej datovej siete,1,,,DNS (53),REMOTE,UDP (17),303,2024-06-18 09:44:00,2024-06-26 15:10:59
6,mendel,eno2,Policy: Request to an external DNS server,tmb_klm1 (147.232.31.42),2,rs2.tuke.sk (147.232.16.16),1,Automatically created subnet (147.232.31.0/24),1,Zdruzenie pouzivatelov Slovenskej akademickej datovej siete,1,,,DNS (53),REMOTE,UDP (17),94,2024-06-18 09:47:00,2024-06-26 15:10:59
6,mendel,eno2,Policy: Request to an external DNS server,tmb_klm1 (147.232.31.42),1,rs3.tuke.sk (193.87.100.12),1,Automatically created subnet (147.232.31.0/24),1,Zdruzenie pouzivatelov Slovenskej akademickej datovej siete,1,,,DNS (53),REMOTE,UDP (17),12,2024-06-18 10:25:00,2024-06-26 12:46:59
6,mendel,eno2,Blacklist: General blacklist,tmb_klm1 (147.232.31.42),2,8.209.247.198,1,Automatically created subnet (147.232.31.0/24),1,"Alibaba US Technology Co., Ltd.",1,,,BITTORRENT-DHT (21910),REMOTE,UDP (17),5,2024-06-25 11:09:00,2024-06-26 15:06:59
6,mendel,eno2,Scan: Port Sweep-like Behavior (horizontal port scan),tmb_klm1 (147.232.31.42),1,,,Automatically created subnet (147.232.31.0/24),1,Den Digital Entertainment Pvt. Ltd. AS ISP india,1,,,BITTORRENT-DHT (6881),ANY,UDP (17),2,2024-06-26 08:38:10,2024-06-26 12:46:26
6,mendel,eno2,Scan: Port Sweep-like Behavior (horizontal port scan),tmb_klm1 (147.232.31.42),1,,,Automatically created subnet (147.232.31.0/24),1,Automatically created subnet (147.232.31.0/24),1,,,ARP (2054),ANY,N/A (-1),2,2024-06-25 08:34:55,2024-06-25 08:35:36
6,mendel,,Discovery: New external DNS client,,,tmb_klm1 (147.232.31.42),1,,,Automatically created subnet (147.232.31.0/24),1,,,,LOCAL,N/A (-1),1,2024-06-18 09:18:00,2024-06-18 09:48:00
6,mendel,eno2,Policy: Request to an external DNS server,tmb_klm1 (147.232.31.42),1,103.77.137.170,1,Automatically created subnet (147.232.31.0/24),1,Alliance Broadband Services Pvt. Ltd.,1,,,BITTORRENT-DHT (53),REMOTE,UDP (17),1,2024-06-26 08:48:00,2024-06-26 08:49:59
4,mendel,eno2,P2P: BitTorrent transfer,tmb_klm1 (147.232.31.42),1,sjm35-h01-176-171-56-90.dsl.sta.abo.bbox.fr (176.171.56.90),1,Automatically created subnet (147.232.31.0/24),1,Bouygues Telecom SA,1,,,6881,REMOTE,TCP (6),22,2024-06-26 08:57:00,2024-06-26 09:06:59
4,mendel,eno2,P2P: BitTorrent transfer,tmb_klm1 (147.232.31.42),1,66.51.175.6,1,Automatically created subnet (147.232.31.0/24),1,PACIFICONLINE,1,,,6881,REMOTE,TCP (6),20,2024-06-26 08:41:00,2024-06-26 09:05:59
4,mendel,eno2,P2P: BTWebClient UA uTorrent in use,tmb_klm1 (147.232.31.42),2,btinstall-artifacts.bittorrent.com (178.79.227.76),2,Automatically created subnet (147.232.31.0/24),1,LLNW,1,,,HTTP (80),REMOTE,TCP (6),20,2024-06-18 10:06:00,2024-06-26 14:45:59
4,mendel,eno2,P2P: BitTorrent transfer,tmb_klm1 (147.232.31.42),1,203.28.168.4,1,Automatically created subnet (147.232.31.0/24),1,PACIFICONLINE,1,,,6881,REMOTE,TCP (6),19,2024-06-18 09:49:00,2024-06-18 10:25:59
4,mendel,eno2,P2P: BTWebClient UA uTorrent in use,tmb_klm1 (147.232.31.42),2,btinstall-artifacts.bittorrent.com (178.79.227.167),2,Automatically created subnet (147.232.31.0/24),1,LLNW,1,,,HTTP (80),REMOTE,TCP (6),18,2024-06-18 10:06:00,2024-06-26 14:45:59
4,mendel,eno2,Outlier: Data at Subnet,tmb_klm1 (147.232.31.42),1,,,Automatically created subnet (147.232.31.0/24),1,,,,,,REMOTE,IP (0),18,2024-06-18 09:49:00,2024-06-18 10:20:59
4,mendel,eno2,P2P: BitTorrent transfer,tmb_klm1 (147.232.31.42),1,109-198-193-x.dynamic.b-domolink.net (109.198.193.33),1,Automatically created subnet (147.232.31.0/24),1,Rostelecom,1,,,6881,REMOTE,TCP (6),16,2024-06-18 10:02:00,2024-06-18 10:24:59
4,mendel,eno2,P2P: BitTorrent transfer,tmb_klm1 (147.232.31.42),1,212.108.144.82,1,Automatically created subnet (147.232.31.0/24),1,Lifecell Digital Ltd,1,,,6881,REMOTE,TCP (6),10,2024-06-26 08:59:00,2024-06-26 09:03:59
4,mendel,eno2,P2P: BitTorrent transfer,tmb_klm1 (147.232.31.42),1,static.104.184.251.148.clients.your-server.de (148.251.184.104),1,Automatically created subnet (147.232.31.0/24),1,Hetzner Online GmbH,1,,,6881,REMOTE,TCP (6),8,2024-06-26 08:57:00,2024-06-26 09:06:59
4,mendel,eno2,P2P: BitTorrent transfer,tmb_klm1 (147.232.31.42),1,node-103-51-149-116.alliancebroadband.in (103.51.149.116),1,Automatically created subnet (147.232.31.0/24),1,Alliance Broadband Services Pvt. Ltd.,1,,,6881,REMOTE,TCP (6),7,2024-06-26 08:54:00,2024-06-26 09:04:59
4,mendel,eno2,P2P: BitTorrent transfer,tmb_klm1 (147.232.31.42),1,sjm35-h01-176-171-57-85.dsl.sta.abo.bbox.fr (176.171.57.85),1,Automatically created subnet (147.232.31.0/24),1,Bouygues Telecom SA,1,,,6881,REMOTE,TCP (6),7,2024-06-26 08:59:00,2024-06-26 09:03:59
4,mendel,eno2,P2P: BitTorrent transfer,tmb_klm1 (147.232.31.42),1,115.99.174.138,1,Automatically created subnet (147.232.31.0/24),1,Hathway IP Over Cable Internet,1,,,6881,REMOTE,TCP (6),7,2024-06-26 08:54:00,2024-06-26 09:04:59
4,mendel,eno2,Outlier: Data at Subnet Services,tmb_klm1 (147.232.31.42),1,,,Automatically created subnet (147.232.31.0/24),1,,,,,6881,REMOTE,UDP (17),7,2024-06-18 09:49:00,2024-06-18 10:20:59
4,mendel,eno2,P2P: BitTorrent transfer,tmb_klm1 (147.232.31.42),1,86-90-217-36.fixed.kpn.net (86.90.217.36),1,Automatically created subnet (147.232.31.0/24),1,KPN B.V.,1,,,6883,REMOTE,TCP (6),7,2024-06-26 08:57:00,2024-06-26 09:06:59
4,mendel,eno2,P2P: BitTorrent transfer,tmb_klm1 (147.232.31.42),1,116.75.122.183,1,Automatically created subnet (147.232.31.0/24),1,Hathway IP Over Cable Internet,1,,,6881,REMOTE,TCP (6),6,2024-06-26 08:54:00,2024-06-26 08:58:59
4,mendel,eno2,P2P: BitTorrent transfer,tmb_klm1 (147.232.31.42),1,115.99.218.88,1,Automatically created subnet (147.232.31.0/24),1,Hathway IP Over Cable Internet,1,,,6881,REMOTE,TCP (6),6,2024-06-26 08:54:00,2024-06-26 09:04:59
4,mendel,eno2,P2P: Vuze BT UDP Connection (5),g6-55-o7d (147.232.31.42),1,ipv4announce.sktorrent.eu (164.132.200.132),1,Automatically created subnet (147.232.31.0/24),1,OVH SAS,1,,,6969,REMOTE,UDP (17),4,2024-06-26 08:37:00,2024-06-26 14:42:59
4,mendel,eno2,P2P: BitTorrent transfer,tmb_klm1 (147.232.31.42),1,84.90.60.166,1,Automatically created subnet (147.232.31.0/24),1,"Nowo Communications, S.A.",1,,,6881,REMOTE,TCP (6),4,2024-06-26 08:41:00,2024-06-26 08:44:59
4,mendel,eno2,Outlier: Peers at Host,tmb_klm1 (147.232.31.42),1,,,Automatically created subnet (147.232.31.0/24),1,,,,,,REMOTE,IP (0),3,2024-06-25 08:27:00,2024-06-25 08:36:59
4,mendel,eno2,P2P: BTWebClient UA uTorrent in use,tmb_klm1 (147.232.31.42),2,utclient.utorrent.com (18.239.255.24),1,Automatically created subnet (147.232.31.0/24),1,AMAZON-02,1,,,HTTP (80),REMOTE,TCP (6),3,2024-06-25 07:57:00,2024-06-26 08:00:59
4,mendel,eno2,P2P: BitTorrent DHT ping request,tmb_klm1 (147.232.31.42),1,121.181.137.71,1,Automatically created subnet (147.232.31.0/24),1,Korea Telecom,1,,,BITTORRENT-DHT (40888),REMOTE,UDP (17),3,2024-06-25 09:05:00,2024-06-26 13:20:59
4,mendel,eno2,P2P: BitTorrent DHT announce_peers request,tmb_klm1 (147.232.31.42),1,24.50.234.65,1,Automatically created subnet (147.232.31.0/24),1,LCPRL,1,,,BITTORRENT-DHT (37267),REMOTE,UDP (17),2,2024-06-26 12:59:00,2024-06-26 13:43:59
4,mendel,eno2,P2P: BitTorrent transfer,tmb_klm1 (147.232.31.42),1,175.195.61.48,1,Automatically created subnet (147.232.31.0/24),1,Korea Telecom,1,,,6881,REMOTE,TCP (6),2,2024-06-26 12:44:00,2024-06-26 12:45:59
4,mendel,eno2,P2P: BitTorrent transfer,tmb_klm1 (147.232.31.42),1,152.110.50.31,1,Automatically created subnet (147.232.31.0/24),1,INTERNET-SOLUTIONS,1,,,6881,REMOTE,TCP (6),2,2024-06-26 12:45:00,2024-06-26 12:47:59
4,mendel,eno2,P2P: BitTorrent DHT announce_peers request,g6-55-o7d (147.232.31.42),1,ec2-18-190-61-127.us-east-2.compute.amazonaws.com (18.190.61.127),1,Automatically created subnet (147.232.31.0/24),1,AMAZON-02,1,,,BITTORRENT-DHT (6881),REMOTE,UDP (17),2,2024-06-26 14:24:00,2024-06-26 14:46:59
4,mendel,eno2,P2P: BitTorrent transfer,tmb_klm1 (147.232.31.42),1,77.253.159.219,1,Automatically created subnet (147.232.31.0/24),1,Netia SA,1,,,6881,REMOTE,TCP (6),2,2024-06-26 12:44:00,2024-06-26 12:46:59
4,mendel,eno2,P2P: BitTorrent transfer,tmb_klm1 (147.232.31.42),1,113.60.20.243,1,Automatically created subnet (147.232.31.0/24),1,SK Broadband Co Ltd,1,,,6881,REMOTE,TCP (6),2,2024-06-26 08:57:00,2024-06-26 08:58:59
4,mendel,eno2,P2P: BitTorrent DHT ping request,tmb_klm1 (147.232.31.42),1,121.162.34.188,1,Automatically created subnet (147.232.31.0/24),1,Korea Telecom,1,,,BITTORRENT-DHT (60229),REMOTE,UDP (17),2,2024-06-25 09:10:00,2024-06-26 08:30:59
4,mendel,eno2,P2P: BitTorrent transfer,tmb_klm1 (147.232.31.42),1,66.51.160.4,1,Automatically created subnet (147.232.31.0/24),1,PACIFICONLINE,1,,,6881,REMOTE,TCP (6),2,2024-06-26 09:03:00,2024-06-26 09:05:59
4,mendel,eno2,P2P: BitTorrent DHT ping request,tmb_klm1 (147.232.31.42),1,ns532006.ip-198-245-63.net (198.245.63.166),1,Automatically created subnet (147.232.31.0/24),1,OVH SAS,1,,,BITTORRENT-DHT (51413),REMOTE,UDP (17),2,2024-06-18 11:43:00,2024-06-18 13:04:59
4,mendel,eno2,P2P: BTWebClient UA uTorrent in use,tmb_klm1 (147.232.31.42),1,update.utorrent.li (82.221.103.245),1,Automatically created subnet (147.232.31.0/24),1,Advania Island ehf,1,,,HTTP (80),REMOTE,TCP (6),2,2024-06-25 07:57:00,2024-06-25 08:12:59
4,mendel,eno2,P2P: BTWebClient UA uTorrent in use,tmb_klm1 (147.232.31.42),2,update.utorrent.com (67.215.246.203),1,Automatically created subnet (147.232.31.0/24),1,ASN-QUADRANET-GLOBAL,1,,,HTTP (80),REMOTE,TCP (6),2,2024-06-25 08:24:00,2024-06-26 08:00:59
4,mendel,eno2,P2P: BTWebClient UA uTorrent in use,tmb_klm1 (147.232.31.42),2,update.utorrent.li (82.221.103.246),1,Automatically created subnet (147.232.31.0/24),1,Advania Island ehf,1,,,HTTP (80),REMOTE,TCP (6),2,2024-06-25 08:24:00,2024-06-26 08:00:59
4,mendel,eno2,P2P: BTWebClient UA uTorrent in use,tmb_klm1 (147.232.31.42),2,remote.tuke.sk (147.232.14.146),1,Automatically created subnet (147.232.31.0/24),1,Zdruzenie pouzivatelov Slovenskej akademickej datovej siete,1,,,HTTP (80),REMOTE,TCP (6),2,2024-06-25 08:24:00,2024-06-26 08:00:59
4,mendel,eno2,P2P: Vuze BT UDP Connection (5),g6-55-o7d (147.232.31.42),1,tracker.opentrackr.org (93.158.213.92),1,Automatically created subnet (147.232.31.0/24),1,Serverius Holding B.V.,1,,,1337,REMOTE,UDP (17),2,2024-06-26 08:33:00,2024-06-26 14:45:59
4,mendel,eno2,P2P: BitTorrent transfer,tmb_klm1 (147.232.31.42),1,217.150.76.24,1,Automatically created subnet (147.232.31.0/24),1,Natalia Sergeevna Filicheva,1,,,6881,REMOTE,TCP (6),2,2024-06-18 09:50:00,2024-06-18 09:52:59
4,mendel,eno2,P2P: BitTorrent DHT ping request,tmb_klm1 (147.232.31.42),1,129.130.219.87.dynamic.jazztel.es (87.219.130.129),1,Automatically created subnet (147.232.31.0/24),1,Orange Espagne SA,1,,,BITTORRENT-DHT (42704),REMOTE,UDP (17),2,2024-06-25 09:56:00,2024-06-26 08:45:59
4,mendel,eno2,P2P: BitTorrent transfer,tmb_klm1 (147.232.31.42),1,78.178.173.121,1,Automatically created subnet (147.232.31.0/24),1,Turk Telekom,1,,,6881,REMOTE,TCP (6),2,2024-06-26 12:45:00,2024-06-26 12:46:59
4,mendel,eno2,P2P: BitTorrent DHT ping request,tmb_klm1 (147.232.31.42),1,89.25.113.128,1,Automatically created subnet (147.232.31.0/24),1,Atlantis Net Ltd.,1,,,BITTORRENT-DHT (20656),REMOTE,UDP (17),1,2024-06-26 13:34:00,2024-06-26 13:35:59
4,mendel,eno2,P2P: BitTorrent DHT ping request,tpl_lom3.tuke.sk (147.232.31.42),1,89.103.85.133,1,Automatically created subnet (147.232.31.0/24),1,Vodafone Czech Republic a.s.,1,,,64548,REMOTE,UDP (17),1,2024-06-18 09:44:00,2024-06-18 09:45:59
4,mendel,eno2,P2P: BitTorrent DHT ping request,tmb_klm1 (147.232.31.42),1,adsl-89-134-17-122.monradsl.monornet.hu (89.134.17.122),1,Automatically created subnet (147.232.31.0/24),1,Vodafone Hungary Ltd.,1,,,BITTORRENT-DHT (45131),REMOTE,UDP (17),1,2024-06-26 13:44:00,2024-06-26 13:45:59
4,mendel,eno2,P2P: BitTorrent DHT ping request,tmb_klm1 (147.232.31.42),1,91.106.41.175,1,Automatically created subnet (147.232.31.0/24),1,Hala Al Rafidain Company for Communications and Internet LTD.,1,,,BITTORRENT-DHT (48628),REMOTE,UDP (17),1,2024-06-18 10:49:00,2024-06-18 10:50:59
4,mendel,eno2,P2P: BitTorrent DHT ping request,g6-55-o7d (147.232.31.42),1,94.180.96.168,1,Automatically created subnet (147.232.31.0/24),1,JSC ER-Telecom Holding,1,,,BITTORRENT-DHT (24842),REMOTE,UDP (17),1,2024-06-26 14:35:00,2024-06-26 14:36:59
4,mendel,eno2,P2P: BitTorrent DHT ping request,tmb_klm1 (147.232.31.42),1,94.242.57.178,1,Automatically created subnet (147.232.31.0/24),1,SIA VEESP,1,,,BITTORRENT-DHT (51413),REMOTE,UDP (17),1,2024-06-25 09:15:00,2024-06-25 09:16:59
4,mendel,eno2,P2P: BitTorrent DHT ping request,tmb_klm1 (147.232.31.42),1,95.25.101.141,1,Automatically created subnet (147.232.31.0/24),1,PVimpelCom,1,,,BITTORRENT-DHT (1843),REMOTE,UDP (17),1,2024-06-18 09:59:00,2024-06-18 10:00:59
4,mendel,eno2,P2P: BitTorrent DHT ping request,tmb_klm1 (147.232.31.42),1,95.26.195.215,1,Automatically created subnet (147.232.31.0/24),1,PVimpelCom,1,,,BITTORRENT-DHT (51091),REMOTE,UDP (17),1,2024-06-18 10:04:00,2024-06-18 10:05:59
4,mendel,eno2,P2P: BitTorrent DHT ping request,tmb_klm1 (147.232.31.42),1,95.72.107.96,1,Automatically created subnet (147.232.31.0/24),1,Rostelecom,1,,,BITTORRENT-DHT (40338),REMOTE,UDP (17),1,2024-06-18 11:48:00,2024-06-18 11:49:59
4,mendel,eno2,P2P: BitTorrent DHT ping request,tmb_klm1 (147.232.31.42),1,95.83.3.48,1,Automatically created subnet (147.232.31.0/24),1,Rostelecom,1,,,BITTORRENT-DHT (42045),REMOTE,UDP (17),1,2024-06-25 11:08:00,2024-06-25 11:09:59
4,mendel,eno2,P2P: BitTorrent DHT ping request,tmb_klm1 (147.232.31.42),1,95.107.106.35,1,Automatically created subnet (147.232.31.0/24),1,Rostelecom,1,,,BITTORRENT-DHT (30586),REMOTE,UDP (17),1,2024-06-26 09:04:00,2024-06-26 09:05:59
4,mendel,eno2,P2P: BitTorrent DHT ping request,tmb_klm1 (147.232.31.42),1,95.211.175.145,1,Automatically created subnet (147.232.31.0/24),1,LeaseWeb Netherlands B.V.,1,,,BITTORRENT-DHT (52219),REMOTE,UDP (17),1,2024-06-25 10:06:00,2024-06-25 10:07:59
4,mendel,eno2,P2P: BitTorrent DHT ping request,tmb_klm1 (147.232.31.42),1,static.116.225.217.95.clients.your-server.de (95.217.225.116),1,Automatically created subnet (147.232.31.0/24),1,Hetzner Online GmbH,1,,,BITTORRENT-DHT (56381),REMOTE,UDP (17),1,2024-06-26 13:59:00,2024-06-26 14:00:59
4,mendel,eno2,P2P: BitTorrent DHT ping request,tmb_klm1 (147.232.31.42),1,pool-96-250-18-226.nycmny.fios.verizon.net (96.250.18.226),1,Automatically created subnet (147.232.31.0/24),1,UUNET,1,,,BITTORRENT-DHT (13712),REMOTE,UDP (17),1,2024-06-18 13:09:00,2024-06-18 13:10:59
4,mendel,eno2,P2P: BitTorrent DHT ping request,tmb_klm1 (147.232.31.42),1,101.100.136.63,1,Automatically created subnet (147.232.31.0/24),1,Two Degrees Networks Limited,1,,,BITTORRENT-DHT (55515),REMOTE,UDP (17),1,2024-06-25 09:35:00,2024-06-25 09:36:59
4,mendel,eno2,P2P: BitTorrent DHT ping request,tmb_klm1 (147.232.31.42),1,103.161.148.46,1,Automatically created subnet (147.232.31.0/24),1,Grace Teleinfra Pvt Ltd,1,,,BITTORRENT-DHT (6881),REMOTE,UDP (17),1,2024-06-25 10:27:00,2024-06-25 10:28:59
4,mendel,eno2,P2P: BitTorrent DHT ping request,tmb_klm1 (147.232.31.42),1,105.106.120.79,1,Automatically created subnet (147.232.31.0/24),1,Telecom Algeria,1,,,BITTORRENT-DHT (10327),REMOTE,UDP (17),1,2024-06-25 10:32:00,2024-06-25 10:33:59
4,mendel,eno2,P2P: BitTorrent DHT ping request,tmb_klm1 (147.232.31.42),1,109.96.185.13,1,Automatically created subnet (147.232.31.0/24),1,Orange Romania Communication S.A,1,,,BITTORRENT-DHT (16881),REMOTE,UDP (17),1,2024-06-18 09:49:00,2024-06-18 09:50:59
4,mendel,eno2,P2P: BitTorrent DHT ping request,tmb_klm1 (147.232.31.42),1,112.160.133.18,1,Automatically created subnet (147.232.31.0/24),1,Korea Telecom,1,,,BITTORRENT-DHT (7896),REMOTE,UDP (17),1,2024-06-26 13:29:00,2024-06-26 13:30:59
4,mendel,eno2,P2P: BitTorrent DHT ping request,tmb_klm1 (147.232.31.42),1,118.41.222.184,1,Automatically created subnet (147.232.31.0/24),1,Korea Telecom,1,,,BITTORRENT-DHT (32770),REMOTE,UDP (17),1,2024-06-25 11:13:00,2024-06-25 11:14:59
4,mendel,eno2,P2P: BitTorrent DHT ping request,tmb_klm1 (147.232.31.42),1,121.23.193.42,1,Automatically created subnet (147.232.31.0/24),1,CHINA UNICOM China169 Backbone,1,,,BITTORRENT-DHT (37612),REMOTE,UDP (17),1,2024-06-25 08:02:00,2024-06-25 08:03:59
4,mendel,eno2,P2P: BitTorrent DHT ping request,g6-55-o7d (147.232.31.42),1,121.139.31.25,1,Automatically created subnet (147.232.31.0/24),1,Korea Telecom,1,,,BITTORRENT-DHT (7928),REMOTE,UDP (17),1,2024-06-26 14:40:00,2024-06-26 14:41:59
4,mendel,eno2,P2P: BitTorrent DHT ping request,tmb_klm1 (147.232.31.42),1,121.157.1.130,1,Automatically created subnet (147.232.31.0/24),1,GORayNet,1,,,BITTORRENT-DHT (40868),REMOTE,UDP (17),1,2024-06-25 11:03:00,2024-06-25 11:04:59
4,mendel,eno2,P2P: BitTorrent DHT ping request,tmb_klm1 (147.232.31.42),1,122.38.177.249,1,Automatically created subnet (147.232.31.0/24),1,LG POWERCOMM,1,,,BITTORRENT-DHT (45511),REMOTE,UDP (17),1,2024-06-18 10:29:00,2024-06-18 10:30:59
4,mendel,eno2,P2P: BitTorrent DHT ping request,tmb_klm1 (147.232.31.42),1,138.2.231.47,1,Automatically created subnet (147.232.31.0/24),1,ORACLE-BMC-31898,1,,,BITTORRENT-DHT (8999),REMOTE,UDP (17),1,2024-06-18 12:03:00,2024-06-18 12:04:59
4,mendel,eno2,P2P: BitTorrent DHT ping request,tmb_klm1 (147.232.31.42),1,142.171.125.191,1,Automatically created subnet (147.232.31.0/24),1,MULTA-ASN1,1,,,BITTORRENT-DHT (6881),REMOTE,UDP (17),1,2024-06-25 08:35:00,2024-06-25 08:36:59
4,mendel,eno2,P2P: BitTorrent DHT ping request,tmb_klm1 (147.232.31.42),1,151.80.32.58,1,Automatically created subnet (147.232.31.0/24),1,OVH SAS,1,,,BITTORRENT-DHT (6881),REMOTE,UDP (17),1,2024-06-18 10:19:00,2024-06-18 10:20:59
4,mendel,eno2,P2P: BitTorrent DHT ping request,tmb_klm1 (147.232.31.42),1,157.47.102.184,1,Automatically created subnet (147.232.31.0/24),1,Reliance Jio Infocomm Limited,1,,,BITTORRENT-DHT (46191),REMOTE,UDP (17),1,2024-06-25 08:12:00,2024-06-25 08:13:59
4,mendel,eno2,P2P: BitTorrent DHT ping request,g6-55-o7d (147.232.31.42),1,163-172-86-93.rev.poneytelecom.eu (163.172.86.93),1,Automatically created subnet (147.232.31.0/24),1,Scaleway S.a.s.,1,,,BITTORRENT-DHT (51413),REMOTE,UDP (17),1,2024-06-26 14:25:00,2024-06-26 14:26:59
4,mendel,eno2,P2P: BitTorrent DHT ping request,tmb_klm1 (147.232.31.42),1,mediaarch-stg.ord.metapeer.com (163.237.217.11),1,Automatically created subnet (147.232.31.0/24),1,YOUR-ORG-INC-NA,1,,,BITTORRENT-DHT (6890),REMOTE,UDP (17),1,2024-06-18 13:34:00,2024-06-18 13:35:59
4,mendel,eno2,P2P: BitTorrent DHT ping request,tmb_klm1 (147.232.31.42),1,l49-173-133.novotelecom.ru (178.49.173.133),1,Automatically created subnet (147.232.31.0/24),1,Novotelecom Ltd,1,,,BITTORRENT-DHT (49001),REMOTE,UDP (17),1,2024-06-26 13:54:00,2024-06-26 13:55:59
4,mendel,eno2,P2P: BitTorrent DHT ping request,tmb_klm1 (147.232.31.42),1,h178-129-153-199.dyn.bashtel.ru (178.129.153.199),1,Automatically created subnet (147.232.31.0/24),1,PJSC Bashinformsvyaz,1,,,BITTORRENT-DHT (19977),REMOTE,UDP (17),1,2024-06-26 13:24:00,2024-06-26 13:25:59
4,mendel,eno2,P2P: BitTorrent DHT ping request,tmb_klm1 (147.232.31.42),1,hosted-by.leaseweb.com (178.162.173.3),1,Automatically created subnet (147.232.31.0/24),1,LeaseWeb Netherlands B.V.,1,,,BITTORRENT-DHT (28001),REMOTE,UDP (17),1,2024-06-18 13:49:00,2024-06-18 13:50:59
4,mendel,eno2,P2P: BitTorrent DHT ping request,tmb_klm1 (147.232.31.42),1,178.162.173.164,1,Automatically created subnet (147.232.31.0/24),1,LeaseWeb Netherlands B.V.,1,,,BITTORRENT-DHT (28008),REMOTE,UDP (17),1,2024-06-18 12:08:00,2024-06-18 12:09:59
4,mendel,eno2,P2P: BitTorrent DHT ping request,tmb_klm1 (147.232.31.42),1,178.162.173.169,1,Automatically created subnet (147.232.31.0/24),1,LeaseWeb Netherlands B.V.,1,,,BITTORRENT-DHT (28012),REMOTE,UDP (17),1,2024-06-26 08:39:00,2024-06-26 08:40:59
4,mendel,eno2,P2P: BitTorrent DHT ping request,tmb_klm1 (147.232.31.42),1,178.162.173.219,1,Automatically created subnet (147.232.31.0/24),1,LeaseWeb Netherlands B.V.,1,,,BITTORRENT-DHT (28006),REMOTE,UDP (17),1,2024-06-18 11:58:00,2024-06-18 11:59:59
4,mendel,eno2,P2P: BitTorrent DHT ping request,tmb_klm1 (147.232.31.42),1,178.162.173.232,1,Automatically created subnet (147.232.31.0/24),1,LeaseWeb Netherlands B.V.,1,,,BITTORRENT-DHT (28005),REMOTE,UDP (17),1,2024-06-25 09:20:00,2024-06-25 09:21:59
4,mendel,eno2,P2P: BitTorrent DHT ping request,tmb_klm1 (147.232.31.42),1,hosted-by.leaseweb.com (178.162.174.14),1,Automatically created subnet (147.232.31.0/24),1,LeaseWeb Netherlands B.V.,1,,,BITTORRENT-DHT (28014),REMOTE,UDP (17),1,2024-06-25 10:01:00,2024-06-25 10:02:59
4,mendel,eno2,P2P: BitTorrent DHT ping request,g6-55-o7d (147.232.31.42),1,hosted-by.leaseweb.com (178.162.174.76),1,Automatically created subnet (147.232.31.0/24),1,LeaseWeb Netherlands B.V.,1,,,BITTORRENT-DHT (28012),REMOTE,UDP (17),1,2024-06-26 14:09:00,2024-06-26 14:10:59
4,mendel,eno2,P2P: BitTorrent DHT ping request,tmb_klm1 (147.232.31.42),1,hosted-by.leaseweb.com (178.162.174.117),1,Automatically created subnet (147.232.31.0/24),1,LeaseWeb Netherlands B.V.,1,,,BITTORRENT-DHT (28013),REMOTE,UDP (17),1,2024-06-25 09:51:00,2024-06-25 09:52:59
4,mendel,eno2,P2P: BitTorrent DHT ping request,tmb_klm1 (147.232.31.42),1,178.162.174.154,1,Automatically created subnet (147.232.31.0/24),1,LeaseWeb Netherlands B.V.,1,,,BITTORRENT-DHT (28008),REMOTE,UDP (17),1,2024-06-25 09:30:00,2024-06-25 09:31:59
4,mendel,eno2,P2P: BitTorrent DHT ping request,g6-55-o7d (147.232.31.42),1,178.162.204.238,1,Automatically created subnet (147.232.31.0/24),1,Leaseweb Deutschland GmbH,1,,,BITTORRENT-DHT (62897),REMOTE,UDP (17),1,2024-06-26 14:15:00,2024-06-26 14:16:59
4,mendel,eno2,P2P: BitTorrent DHT ping request,tmb_klm1 (147.232.31.42),1,178.166.229.126,1,Automatically created subnet (147.232.31.0/24),1,Rostelecom,1,,,BITTORRENT-DHT (14441),REMOTE,UDP (17),1,2024-06-26 12:54:00,2024-06-26 12:55:59
4,mendel,eno2,P2P: BitTorrent DHT ping request,tmb_klm1 (147.232.31.42),1,178.237.237.97,1,Automatically created subnet (147.232.31.0/24),1,Xtra Telecom S.A.,1,,,BITTORRENT-DHT (30312),REMOTE,UDP (17),1,2024-06-18 13:24:00,2024-06-18 13:25:59
4,mendel,eno2,P2P: BitTorrent DHT ping request,tmb_klm1 (147.232.31.42),1,179.55.67.22,1,Automatically created subnet (147.232.31.0/24),1,TIM SA,1,,,BITTORRENT-DHT (49362),REMOTE,UDP (17),1,2024-06-25 10:37:00,2024-06-25 10:38:59
4,mendel,eno2,P2P: BitTorrent DHT ping request,tmb_klm1 (147.232.31.42),1,183178225162.ctinets.com (183.178.225.162),1,Automatically created subnet (147.232.31.0/24),1,Hong Kong Broadband Network Ltd.,1,,,BITTORRENT-DHT (6881),REMOTE,UDP (17),1,2024-06-25 09:40:00,2024-06-25 09:41:59
4,mendel,eno2,P2P: BitTorrent DHT ping request,g6-55-o7d (147.232.31.42),1,188.143.134.49,1,Automatically created subnet (147.232.31.0/24),1,Petersburg Internet Network ltd.,1,,,BITTORRENT-DHT (16571),REMOTE,UDP (17),1,2024-06-26 14:04:00,2024-06-26 14:05:59
4,mendel,eno2,P2P: BitTorrent DHT ping request,tmb_klm1 (147.232.31.42),1,188.242.88.44.pool.sknt.ru (188.242.88.44),1,Automatically created subnet (147.232.31.0/24),1,SkyNet Ltd.,1,,,BITTORRENT-DHT (6881),REMOTE,UDP (17),1,2024-06-26 13:04:00,2024-06-26 13:05:59
4,mendel,eno2,P2P: BitTorrent DHT ping request,tmb_klm1 (147.232.31.42),1,190-206-79-102.dyn.dsl.cantv.net (190.206.79.102),1,Automatically created subnet (147.232.31.0/24),1,"CANTV Servicios, Venezuela",1,,,BITTORRENT-DHT (19917),REMOTE,UDP (17),1,2024-06-25 08:24:00,2024-06-25 08:25:59
4,mendel,eno2,P2P: BitTorrent DHT ping request,tmb_klm1 (147.232.31.42),1,www.seedbox.vip (193.23.250.91),1,Automatically created subnet (147.232.31.0/24),1,LeaseWeb Netherlands B.V.,1,,,BITTORRENT-DHT (55159),REMOTE,UDP (17),1,2024-06-25 10:52:00,2024-06-25 10:53:59
4,mendel,eno2,P2P: BitTorrent DHT ping request,g6-55-o7d (147.232.31.42),1,193.36.84.117,1,Automatically created subnet (147.232.31.0/24),1,BitCommand LLC,1,,,BITTORRENT-DHT (13576),REMOTE,UDP (17),1,2024-06-26 14:55:00,2024-06-26 14:56:59
4,mendel,eno2,P2P: BitTorrent DHT ping request,tmb_klm1 (147.232.31.42),1,194.152.12.37,1,Automatically created subnet (147.232.31.0/24),1,Telemach UG d.o.o.,1,,,BITTORRENT-DHT (64883),REMOTE,UDP (17),1,2024-06-26 13:09:00,2024-06-26 13:10:59
4,mendel,eno2,P2P: BitTorrent DHT ping request,tmb_klm1 (147.232.31.42),1,195.130.205.152,1,Automatically created subnet (147.232.31.0/24),1,Jsc Balticom,1,,,BITTORRENT-DHT (6881),REMOTE,UDP (17),1,2024-06-25 10:58:00,2024-06-25 10:59:59
4,mendel,eno2,P2P: BitTorrent DHT ping request,tmb_klm1 (147.232.31.42),1,201.141.105.169,1,Automatically created subnet (147.232.31.0/24),1,"Cablevision, S.A. de C.V.",1,,,BITTORRENT-DHT (6881),REMOTE,UDP (17),1,2024-06-26 08:54:00,2024-06-26 08:55:59
4,mendel,eno2,P2P: BitTorrent DHT ping request,tmb_klm1 (147.232.31.42),1,205.209.100.155,1,Automatically created subnet (147.232.31.0/24),1,IS-AS-1,1,,,BITTORRENT-DHT (20935),REMOTE,UDP (17),1,2024-06-18 10:09:00,2024-06-18 10:10:59
4,mendel,eno2,P2P: BitTorrent DHT ping request,tmb_klm1 (147.232.31.42),1,207.90.193.215,1,Automatically created subnet (147.232.31.0/24),1,RICAWEBSERVICES,1,,,BITTORRENT-DHT (22875),REMOTE,UDP (17),1,2024-06-25 10:16:00,2024-06-25 10:17:59
4,mendel,eno2,P2P: BitTorrent DHT ping request,tmb_klm1 (147.232.31.42),1,210.123.110.124,1,Automatically created subnet (147.232.31.0/24),1,Korea Telecom,1,,,BITTORRENT-DHT (6881),REMOTE,UDP (17),1,2024-06-26 13:14:00,2024-06-26 13:15:59
4,mendel,eno2,P2P: BitTorrent DHT ping request,tmb_klm1 (147.232.31.42),1,212.7.197.173,1,Automatically created subnet (147.232.31.0/24),1,LeaseWeb Netherlands B.V.,1,,,BITTORRENT-DHT (45746),REMOTE,UDP (17),1,2024-06-18 13:44:00,2024-06-18 13:45:59
4,mendel,eno2,P2P: BitTorrent DHT ping request,g6-55-o7d (147.232.31.42),1,212.86.109.191,1,Automatically created subnet (147.232.31.0/24),1,Zomro B.V.,1,,,BITTORRENT-DHT (25725),REMOTE,UDP (17),1,2024-06-26 14:50:00,2024-06-26 14:51:59
4,mendel,eno2,P2P: BitTorrent DHT ping request,tmb_klm1 (147.232.31.42),1,catv-212-96-63-22.catv.fixed.vodafone.hu (212.96.63.22),1,Automatically created subnet (147.232.31.0/24),1,Vodafone Hungary Ltd.,1,,,BITTORRENT-DHT (15653),REMOTE,UDP (17),1,2024-06-18 13:29:00,2024-06-18 13:30:59
4,mendel,eno2,P2P: BitTorrent DHT ping request,tmb_klm1 (147.232.31.42),1,220.75.188.218,1,Automatically created subnet (147.232.31.0/24),1,Korea Telecom,1,,,BITTORRENT-DHT (41073),REMOTE,UDP (17),1,2024-06-18 10:24:00,2024-06-18 10:25:59
4,mendel,eno2,P2P: BitTorrent DHT ping request,tmb_klm1 (147.232.31.42),1,221.153.207.26,1,Automatically created subnet (147.232.31.0/24),1,Korea Telecom,1,,,BITTORRENT-DHT (40970),REMOTE,UDP (17),1,2024-06-25 09:25:00,2024-06-25 09:26:59
4,mendel,eno2,P2P: BitTorrent DHT announce_peers request,tmb_klm1 (147.232.31.42),1,ec2-18-220-82-190.us-east-2.compute.amazonaws.com (18.220.82.190),1,Automatically created subnet (147.232.31.0/24),1,AMAZON-02,1,,,BITTORRENT-DHT (6881),REMOTE,UDP (17),1,2024-06-26 08:34:00,2024-06-26 08:35:59
4,mendel,eno2,P2P: BitTorrent DHT announce_peers request,g6-55-o7d (147.232.31.42),1,31.42.221.77,1,Automatically created subnet (147.232.31.0/24),1,City-Line Ltd.,1,,,BITTORRENT-DHT (33280),REMOTE,UDP (17),1,2024-06-26 15:06:00,2024-06-26 15:07:59
4,mendel,eno2,P2P: BitTorrent DHT announce_peers request,tmb_klm1 (147.232.31.42),1,static.54.78.108.65.clients.your-server.de (65.108.78.54),1,Automatically created subnet (147.232.31.0/24),1,Hetzner Online GmbH,1,,,BITTORRENT-DHT (6881),REMOTE,UDP (17),1,2024-06-26 08:56:00,2024-06-26 08:57:59
4,mendel,eno2,P2P: BitTorrent DHT announce_peers request,tmb_klm1 (147.232.31.42),1,72.47.15.241,1,Automatically created subnet (147.232.31.0/24),1,SUDDENLINK-COMMUNICATIONS,1,,,BITTORRENT-DHT (38973),REMOTE,UDP (17),1,2024-06-26 09:02:00,2024-06-26 09:03:59
4,mendel,eno2,P2P: BitTorrent DHT announce_peers request,tmb_klm1 (147.232.31.42),1,84.234.80-4.samtel.ru (80.234.84.4),1,Automatically created subnet (147.232.31.0/24),1,Rostelecom,1,,,BITTORRENT-DHT (62202),REMOTE,UDP (17),1,2024-06-18 10:10:00,2024-06-18 10:11:59
4,mendel,eno2,P2P: BitTorrent DHT announce_peers request,tmb_klm1 (147.232.31.42),1,105.108.155.154,1,Automatically created subnet (147.232.31.0/24),1,Telecom Algeria,1,,,BITTORRENT-DHT (49363),REMOTE,UDP (17),1,2024-06-26 13:21:00,2024-06-26 13:22:59
4,mendel,eno2,P2P: BitTorrent DHT announce_peers request,g6-55-o7d (147.232.31.42),1,173.249.35.40,1,Automatically created subnet (147.232.31.0/24),1,Contabo GmbH,1,,,BITTORRENT-DHT (57179),REMOTE,UDP (17),1,2024-06-26 14:03:00,2024-06-26 14:04:59
4,mendel,eno2,P2P: BitTorrent DHT announce_peers request,tmb_klm1 (147.232.31.42),1,188.163.103.0,1,Automatically created subnet (147.232.31.0/24),1,Kyivstar PJSC,1,,,BITTORRENT-DHT (23739),REMOTE,UDP (17),1,2024-06-18 09:49:00,2024-06-18 09:50:59
4,mendel,eno2,P2P: Vuze BT UDP Connection (5),tmb_klm1 (147.232.31.42),1,tracker.bitsearch.to (172.67.198.127),1,Automatically created subnet (147.232.31.0/24),1,CLOUDFLARENET,1,,,1337,REMOTE,UDP (17),1,2024-06-26 12:44:00,2024-06-26 12:45:59
4,mendel,eno2,P2P: Vuze BT UDP Connection (5),tmb_klm1 (147.232.31.42),1,62971.bodis.com (199.59.243.226),1,Automatically created subnet (147.232.31.0/24),1,AMAZON-02,1,,,2770,REMOTE,UDP (17),1,2024-06-26 08:55:00,2024-06-26 08:56:59
4,mendel,eno2,P2P: Vuze BT UDP Connection (5),tmb_klm1 (147.232.31.42),1,62971.bodis.com (199.59.243.226),1,Automatically created subnet (147.232.31.0/24),1,AMAZON-02,1,,,6969,REMOTE,UDP (17),1,2024-06-26 08:58:00,2024-06-26 08:59:59
4,mendel,eno2,P2P: BTWebClient UA uTorrent in use,tmb_klm1 (147.232.31.42),1,utclient.utorrent.com (18.239.255.15),1,Automatically created subnet (147.232.31.0/24),1,AMAZON-02,1,,,HTTP (80),REMOTE,TCP (6),1,2024-06-25 08:11:00,2024-06-25 08:12:59
4,mendel,,Discovery: New Web service,,,tmb_klm1 (147.232.31.42),1,,,Automatically created subnet (147.232.31.0/24),1,,,HTTP (50014),LOCAL,TCP (6),1,2024-06-18 09:26:00,2024-06-18 09:56:00
4,mendel,eno2,Outlier: Peers at Subnet,tmb_klm1 (147.232.31.42),1,,,Automatically created subnet (147.232.31.0/24),1,,,,,,REMOTE,IP (0),1,2024-06-18 09:54:00,2024-06-18 09:55:59
4,mendel,eno2,Scan: Port Scan-like Behavior (local service discovery),tmb_klm1 (147.232.31.42),1,tunet (147.232.31.1),1,Automatically created subnet (147.232.31.0/24),1,Automatically created subnet (147.232.31.0/24),1,,,,ANY,IP (0),1,2024-06-25 08:35:39,2024-06-25 08:36:14
4,mendel,eno2,Scan: Potential SSH Scan,tmb_klm1 (147.232.31.42),1,tunet (147.232.31.1),1,Automatically created subnet (147.232.31.0/24),1,Automatically created subnet (147.232.31.0/24),1,,,22,ANY,TCP (6),1,2024-06-26 08:48:00,2024-06-26 08:49:59
4,mendel,eno2,Scan: Potential VNC Scan 5800-5820,tmb_klm1 (147.232.31.42),1,tunet (147.232.31.1),1,Automatically created subnet (147.232.31.0/24),1,Automatically created subnet (147.232.31.0/24),1,,,5800,ANY,TCP (6),1,2024-06-26 08:49:00,2024-06-26 08:50:59
4,mendel,eno2,Scan: Potential VNC Scan 5900-5920,tmb_klm1 (147.232.31.42),1,tunet (147.232.31.1),1,Automatically created subnet (147.232.31.0/24),1,Automatically created subnet (147.232.31.0/24),1,,,5900,ANY,TCP (6),1,2024-06-26 08:49:00,2024-06-26 08:50:59
4,mendel,eno2,P2P: BitTorrent DHT ping request,tmb_klm1 (147.232.31.42),1,5x167x144x26.dynamic.saratov.ertelecom.ru (5.167.144.26),1,Automatically created subnet (147.232.31.0/24),1,JSC ER-Telecom Holding,1,,,BITTORRENT-DHT (57700),REMOTE,UDP (17),1,2024-06-26 13:39:00,2024-06-26 13:40:59
4,mendel,eno2,P2P: BitTorrent DHT ping request,tmb_klm1 (147.232.31.42),1,14.34.16.14,1,Automatically created subnet (147.232.31.0/24),1,Korea Telecom,1,,,BITTORRENT-DHT (40776),REMOTE,UDP (17),1,2024-06-25 10:21:00,2024-06-25 10:22:59
4,mendel,eno2,P2P: BitTorrent DHT ping request,g6-55-o7d (147.232.31.42),1,14.47.48.187,1,Automatically created subnet (147.232.31.0/24),1,Korea Telecom,1,,,BITTORRENT-DHT (7918),REMOTE,UDP (17),1,2024-06-26 14:20:00,2024-06-26 14:21:59
4,mendel,eno2,P2P: BitTorrent DHT ping request,tmb_klm1 (147.232.31.42),1,14.53.68.39,1,Automatically created subnet (147.232.31.0/24),1,Korea Telecom,1,,,BITTORRENT-DHT (6881),REMOTE,UDP (17),1,2024-06-25 08:07:00,2024-06-25 08:08:59
4,mendel,eno2,P2P: BitTorrent DHT ping request,tmb_klm1 (147.232.31.42),1,18.196.86.103,1,Automatically created subnet (147.232.31.0/24),1,AMAZON-02,1,,,BITTORRENT-DHT (6892),REMOTE,UDP (17),1,2024-06-18 09:54:00,2024-06-18 09:55:59
4,mendel,eno2,P2P: BitTorrent DHT ping request,tmb_klm1 (147.232.31.42),1,24-100-108-24-100-108-159.cpe.sparklight.net (24.100.108.159),1,Automatically created subnet (147.232.31.0/24),1,CABLEONE,1,,,BITTORRENT-DHT (6512),REMOTE,UDP (17),1,2024-06-25 09:45:00,2024-06-25 09:46:59
4,mendel,eno2,P2P: BitTorrent DHT ping request,tmb_klm1 (147.232.31.42),1,31.44.244.247,1,Automatically created subnet (147.232.31.0/24),1,BaikalWestCom,1,,,BITTORRENT-DHT (53333),REMOTE,UDP (17),1,2024-06-25 08:40:00,2024-06-25 08:41:59
4,mendel,eno2,P2P: BitTorrent DHT ping request,tmb_klm1 (147.232.31.42),1,ec2-34-226-15-95.compute-1.amazonaws.com (34.226.15.95),1,Automatically created subnet (147.232.31.0/24),1,AMAZON-AES,1,,,BITTORRENT-DHT (6880),REMOTE,UDP (17),1,2024-06-18 10:39:00,2024-06-18 10:40:59
4,mendel,eno2,P2P: BitTorrent DHT ping request,tmb_klm1 (147.232.31.42),1,37.46.115.29,1,Automatically created subnet (147.232.31.0/24),1,AltusHost B.V.,1,,,BITTORRENT-DHT (51370),REMOTE,UDP (17),1,2024-06-26 12:44:00,2024-06-26 12:45:59
4,mendel,eno2,P2P: BitTorrent DHT ping request,tmb_klm1 (147.232.31.42),1,37.48.70.4,1,Automatically created subnet (147.232.31.0/24),1,LeaseWeb Netherlands B.V.,1,,,BITTORRENT-DHT (28012),REMOTE,UDP (17),1,2024-06-18 11:53:00,2024-06-18 11:54:59
4,mendel,eno2,P2P: BitTorrent DHT ping request,tmb_klm1 (147.232.31.42),1,39.163.216.71,1,Automatically created subnet (147.232.31.0/24),1,"Henan Mobile Communications Co.,Ltd",1,,,BITTORRENT-DHT (22528),REMOTE,UDP (17),1,2024-06-26 08:04:00,2024-06-26 08:05:59
4,mendel,eno2,P2P: BitTorrent DHT ping request,tmb_klm1 (147.232.31.42),1,41.71.102.20,1,Automatically created subnet (147.232.31.0/24),1,RSAWEB Internet Services,1,,,BITTORRENT-DHT (6882),REMOTE,UDP (17),1,2024-06-26 12:59:00,2024-06-26 13:00:59
4,mendel,eno2,P2P: BitTorrent DHT ping request,tmb_klm1 (147.232.31.42),1,www.seedbox.vip (45.154.86.165),1,Automatically created subnet (147.232.31.0/24),1,LeaseWeb Netherlands B.V.,1,,,BITTORRENT-DHT (63220),REMOTE,UDP (17),1,2024-06-18 10:34:00,2024-06-18 10:35:59
4,mendel,eno2,P2P: BitTorrent DHT ping request,tmb_klm1 (147.232.31.42),1,46.72.140.224,1,Automatically created subnet (147.232.31.0/24),1,PJSC MegaFon,1,,,BITTORRENT-DHT (58056),REMOTE,UDP (17),1,2024-06-25 08:50:00,2024-06-25 08:51:59
4,mendel,eno2,P2P: BitTorrent DHT ping request,tmb_klm1 (147.232.31.42),1,46.147.152.206,1,Automatically created subnet (147.232.31.0/24),1,JSC ER-Telecom Holding,1,,,BITTORRENT-DHT (33451),REMOTE,UDP (17),1,2024-06-25 08:45:00,2024-06-25 08:46:59
4,mendel,eno2,P2P: BitTorrent DHT ping request,tmb_klm1 (147.232.31.42),1,46.232.211.44,1,Automatically created subnet (147.232.31.0/24),1,SlashN Services Pte. Ltd.,1,,,BITTORRENT-DHT (58021),REMOTE,UDP (17),1,2024-06-26 08:19:00,2024-06-26 08:20:59
4,mendel,eno2,P2P: BitTorrent DHT ping request,tmb_klm1 (147.232.31.42),1,49.207.187.138.actcorp.in (49.207.187.138),1,Automatically created subnet (147.232.31.0/24),1,Atria Convergence Technologies Pvt. Ltd. Broadband Internet Serv,1,,,BITTORRENT-DHT (32935),REMOTE,UDP (17),1,2024-06-25 08:17:00,2024-06-25 08:18:59
4,mendel,eno2,P2P: BitTorrent DHT ping request,tmb_klm1 (147.232.31.42),1,vps-a8052e69.vps.ovh.net (51.195.150.96),1,Automatically created subnet (147.232.31.0/24),1,OVH SAS,1,,,BITTORRENT-DHT (51463),REMOTE,UDP (17),1,2024-06-26 08:14:00,2024-06-26 08:15:59
4,mendel,eno2,P2P: BitTorrent DHT ping request,tmb_klm1 (147.232.31.42),1,59.21.48.189,1,Automatically created subnet (147.232.31.0/24),1,Korea Telecom,1,,,BITTORRENT-DHT (41065),REMOTE,UDP (17),1,2024-06-26 08:09:00,2024-06-26 08:10:59
4,mendel,eno2,P2P: BitTorrent DHT ping request,tmb_klm1 (147.232.31.42),1,178.115.61.59.broad.fz.fj.dynamic.163data.com.cn (59.61.115.178),1,Automatically created subnet (147.232.31.0/24),1,Chinanet,1,,,BITTORRENT-DHT (63219),REMOTE,UDP (17),1,2024-06-25 08:29:00,2024-06-25 08:30:59
4,mendel,eno2,P2P: BitTorrent DHT ping request,tmb_klm1 (147.232.31.42),1,60.125.201.133,1,Automatically created subnet (147.232.31.0/24),1,SoftBank Corp.,1,,,BITTORRENT-DHT (51413),REMOTE,UDP (17),1,2024-06-26 08:34:00,2024-06-26 08:35:59
4,mendel,eno2,P2P: BitTorrent DHT ping request,g6-55-o7d (147.232.31.42),1,64.18.183.27,1,Automatically created subnet (147.232.31.0/24),1,ORICOM-QUEBEC1,1,,,BITTORRENT-DHT (49001),REMOTE,UDP (17),1,2024-06-26 15:00:00,2024-06-26 15:01:59
4,mendel,eno2,P2P: BitTorrent DHT ping request,tmb_klm1 (147.232.31.42),1,64.224.255.72,1,Automatically created subnet (147.232.31.0/24),1,NS,1,,,BITTORRENT-DHT (54477),REMOTE,UDP (17),1,2024-06-26 08:49:00,2024-06-26 08:50:59
4,mendel,eno2,P2P: BitTorrent DHT ping request,tmb_klm1 (147.232.31.42),1,syn-067-008-037-201.res.spectrum.com (67.8.37.201),1,Automatically created subnet (147.232.31.0/24),1,BHN-33363,1,,,BITTORRENT-DHT (46850),REMOTE,UDP (17),1,2024-06-26 08:59:00,2024-06-26 09:00:59
4,mendel,eno2,P2P: BitTorrent DHT ping request,g6-55-o7d (147.232.31.42),1,router.bittorrent.com (67.215.246.10),1,Automatically created subnet (147.232.31.0/24),1,ASN-QUADRANET-GLOBAL,1,,,BITTORRENT-DHT (6881),REMOTE,UDP (17),1,2024-06-25 07:57:00,2024-06-25 07:58:59
4,mendel,eno2,P2P: BitTorrent DHT ping request,tmb_klm1 (147.232.31.42),1,71.233.92.74,1,Automatically created subnet (147.232.31.0/24),1,COMCAST-7922,1,,,BITTORRENT-DHT (8999),REMOTE,UDP (17),1,2024-06-18 10:14:00,2024-06-18 10:15:59
4,mendel,eno2,P2P: BitTorrent DHT ping request,tmb_klm1 (147.232.31.42),1,dyn-206-151.pppoe.tmb.ru (78.132.206.151),1,Automatically created subnet (147.232.31.0/24),1,Rostelecom,1,,,BITTORRENT-DHT (20481),REMOTE,UDP (17),1,2024-06-25 10:47:00,2024-06-25 10:48:59
4,mendel,eno2,P2P: BitTorrent DHT ping request,tmb_klm1 (147.232.31.42),1,49-97-139-78.kamensktel.ru (78.139.97.49),1,Automatically created subnet (147.232.31.0/24),1,Closed Joint Stock Company Radiotelephone,1,,,BITTORRENT-DHT (2079),REMOTE,UDP (17),1,2024-06-26 13:49:00,2024-06-26 13:50:59
4,mendel,eno2,P2P: BitTorrent DHT ping request,g6-55-o7d (147.232.31.42),1,79.183.181.174,1,Automatically created subnet (147.232.31.0/24),1,Bezeq International Ltd.,1,,,BITTORRENT-DHT (24237),REMOTE,UDP (17),1,2024-06-26 14:45:00,2024-06-26 14:46:59
4,mendel,eno2,P2P: BitTorrent DHT ping request,tmb_klm1 (147.232.31.42),1,80.84.120.78,1,Automatically created subnet (147.232.31.0/24),1,Flex Ltd.,1,,,BITTORRENT-DHT (49001),REMOTE,UDP (17),1,2024-06-25 11:18:00,2024-06-25 11:19:59
4,mendel,eno2,P2P: BitTorrent DHT ping request,tmb_klm1 (147.232.31.42),1,82.9.181.8,1,Automatically created subnet (147.232.31.0/24),1,Virgin Media,1,,,BITTORRENT-DHT (14008),REMOTE,UDP (17),1,2024-06-25 09:00:00,2024-06-25 09:01:59
4,mendel,eno2,P2P: BitTorrent DHT ping request,g6-55-o7d (147.232.31.42),1,83.25.226.140.ipv4.supernova.orange.pl (83.25.226.140),1,Automatically created subnet (147.232.31.0/24),1,Orange Polska Spolka Akcyjna,1,,,BITTORRENT-DHT (49129),REMOTE,UDP (17),1,2024-06-26 14:30:00,2024-06-26 14:31:59
4,mendel,eno2,P2P: BitTorrent DHT ping request,tmb_klm1 (147.232.31.42),1,46.red-83-33-148.dynamicip.rima-tde.net (83.33.148.46),1,Automatically created subnet (147.232.31.0/24),1,Telefonica De Espana S.a.u.,1,,,BITTORRENT-DHT (55720),REMOTE,UDP (17),1,2024-06-25 11:23:00,2024-06-25 11:24:59
4,mendel,eno2,P2P: BitTorrent DHT ping request,tmb_klm1 (147.232.31.42),1,clients-pools.sf.cooolbox.bg (84.21.205.241),1,Automatically created subnet (147.232.31.0/24),1,Cooolbox AD,1,,,BITTORRENT-DHT (36881),REMOTE,UDP (17),1,2024-06-18 13:14:00,2024-06-18 13:15:59
4,mendel,eno2,P2P: BitTorrent DHT ping request,tmb_klm1 (147.232.31.42),1,85.65.249.61.dynamic.barak-online.net (85.65.249.61),1,Automatically created subnet (147.232.31.0/24),1,Cellcom Fixed Line Communication L.P,1,,,BITTORRENT-DHT (38032),REMOTE,UDP (17),1,2024-06-25 10:11:00,2024-06-25 10:12:59
4,mendel,eno2,P2P: BitTorrent DHT ping request,tmb_klm1 (147.232.31.42),1,fibhost-67-230-5.fibernet.hu (85.67.230.5),1,Automatically created subnet (147.232.31.0/24),1,DIGI Tavkozlesi es Szolgaltato Kft.,1,,,BITTORRENT-DHT (44667),REMOTE,UDP (17),1,2024-06-18 10:44:00,2024-06-18 10:45:59
4,mendel,eno2,P2P: BitTorrent DHT ping request,tmb_klm1 (147.232.31.42),1,85.132.110.74,1,Automatically created subnet (147.232.31.0/24),1,SELNET LLC,1,,,BITTORRENT-DHT (42664),REMOTE,UDP (17),1,2024-06-26 12:49:00,2024-06-26 12:50:59
4,mendel,eno2,P2P: BitTorrent DHT ping request,tmb_klm1 (147.232.31.42),1,cpc90242-gill19-2-0-cust2999.20-1.cable.virginm.net (86.27.27.184),1,Automatically created subnet (147.232.31.0/24),1,Virgin Media,1,,,BITTORRENT-DHT (6881),REMOTE,UDP (17),1,2024-06-25 10:42:00,2024-06-25 10:43:59
4,mendel,eno2,P2P: BitTorrent DHT ping request,g6-55-o7d (147.232.31.42),1,563be721.catv.pool.telekom.hu (86.59.231.33),1,Automatically created subnet (147.232.31.0/24),1,Magyar Telekom plc.,1,,,BITTORRENT-DHT (8804),REMOTE,UDP (17),1,2024-06-26 07:59:00,2024-06-26 08:00:59
4,mendel,eno2,P2P: BitTorrent DHT ping request,g6-55-o7d (147.232.31.42),1,87.206.240.41,1,Automatically created subnet (147.232.31.0/24),1,Liberty Global B.V.,1,,,BITTORRENT-DHT (60092),REMOTE,UDP (17),1,2024-06-26 15:05:00,2024-06-26 15:06:59
4,mendel,eno2,P2P: BitTorrent DHT ping request,tmb_klm1 (147.232.31.42),1,hosted.by.walkerservers.com (88.198.230.221),1,Automatically created subnet (147.232.31.0/24),1,Hetzner Online GmbH,1,,,BITTORRENT-DHT (49668),REMOTE,UDP (17),1,2024-06-18 13:54:00,2024-06-18 13:55:59
4,mendel,eno2,P2P: BitTorrent DHT ping request,tmb_klm1 (147.232.31.42),1,88.204.193.16,1,Automatically created subnet (147.232.31.0/24),1,JSC Kazakhtelecom,1,,,BITTORRENT-DHT (56136),REMOTE,UDP (17),1,2024-06-18 13:39:00,2024-06-18 13:40:59
4,mendel,eno2,P2P: BitTorrent DHT ping request,tmb_klm1 (147.232.31.42),1,88.207.108.77,1,Automatically created subnet (147.232.31.0/24),1,A1 Hrvatska d.o.o.,1,,,BITTORRENT-DHT (31826),REMOTE,UDP (17),1,2024-06-25 08:55:00,2024-06-25 08:56:59
4,mendel,eno2,Policy: Request to an external DNS server,tmb_klm1 (147.232.31.42),1,208.67.222.222,1,Automatically created subnet (147.232.31.0/24),1,OPENDNS,1,,,DNS (53),REMOTE,UDP (17),1,2024-06-26 08:33:00,2024-06-26 08:34:59
4,mendel,eno2,Blacklist: Abuse.ch URLHaus blacklist - past 30 days - UDP,tmb_klm1 (147.232.31.42),1,119.166.77.245,1,Automatically created subnet (147.232.31.0/24),1,CHINA UNICOM China169 Backbone,1,,,BITTORRENT-DHT (8082),REMOTE,UDP (17),1,2024-06-25 08:11:00,2024-06-25 08:12:59
3,mendel,eno2,DNS: Query for .to TLD,tmb_klm1 (147.232.31.42),1,rs1.tuke.sk (147.232.3.2),1,Automatically created subnet (147.232.31.0/24),1,Zdruzenie pouzivatelov Slovenskej akademickej datovej siete,1,,,DNS (53),REMOTE,UDP (17),13,2024-06-26 08:37:00,2024-06-26 12:45:59
3,mendel,eno2,Info: Microsoft Connection Test,tmb_klm1 (147.232.31.42),2,www.msftconnecttest.com (62.197.198.178),1,Automatically created subnet (147.232.31.0/24),1,"SWAN, a.s.",1,,,HTTP (80),REMOTE,TCP (6),10,2024-06-18 10:23:00,2024-06-26 07:59:59
3,mendel,eno2,Info: Microsoft Connection Test,tmb_klm1 (147.232.31.42),1,www.msftconnecttest.com (62.197.198.177),1,Automatically created subnet (147.232.31.0/24),1,"SWAN, a.s.",1,,,HTTP (80),REMOTE,TCP (6),9,2024-06-18 11:43:00,2024-06-26 12:45:59
3,mendel,eno2,DNS: Query for .to TLD,tmb_klm1 (147.232.31.42),1,rs2.tuke.sk (147.232.16.16),1,Automatically created subnet (147.232.31.0/24),1,Zdruzenie pouzivatelov Slovenskej akademickej datovej siete,1,,,DNS (53),REMOTE,UDP (17),9,2024-06-26 08:37:00,2024-06-26 12:45:59
3,mendel,eno2,Outlier: Entropy (ports) at Host,tmb_klm1 (147.232.31.42),1,,,Automatically created subnet (147.232.31.0/24),1,,,,,,REMOTE,IP (0),6,2024-06-25 08:34:00,2024-06-26 08:57:59
3,mendel,eno2,Policy: Request to an external DNS server,tmb_klm1 (147.232.31.42),1,dns.google (8.8.8.8),2,Automatically created subnet (147.232.31.0/24),1,GOOGLE,1,,,DNS (53),REMOTE,UDP (17),5,2024-06-18 13:04:00,2024-06-26 12:45:59
3,mendel,eno2,Policy: External IP Lookup (avast .com),tmb_klm1 (147.232.31.42),2,ip-info.ff.avast.com (34.149.149.62),1,Automatically created subnet (147.232.31.0/24),1,GOOGLE-CLOUD-PLATFORM,1,,,HTTP (80),REMOTE,TCP (6),4,2024-06-25 07:57:00,2024-06-26 08:00:59
3,mendel,eno2,DNS: Query to a .tk domain - Likely Hostile,tmb_klm1 (147.232.31.42),1,rs1.tuke.sk (147.232.3.2),1,Automatically created subnet (147.232.31.0/24),1,Zdruzenie pouzivatelov Slovenskej akademickej datovej siete,1,,,DNS (53),REMOTE,UDP (17),4,2024-06-26 08:37:00,2024-06-26 12:45:59
3,mendel,eno2,P2P: BitTorrent peer sync,tmb_klm1 (147.232.31.42),1,77.238.121.149,1,Automatically created subnet (147.232.31.0/24),1,Asiatech Data Transmission company,1,,,50652,REMOTE,TCP (6),4,2024-06-26 08:37:00,2024-06-26 08:58:59
3,mendel,eno2,P2P: BitTorrent peer sync,tmb_klm1 (147.232.31.42),1,178.162.173.148,1,Automatically created subnet (147.232.31.0/24),1,LeaseWeb Netherlands B.V.,1,,,20004,REMOTE,TCP (6),3,2024-06-26 08:41:00,2024-06-26 08:53:59
3,mendel,eno2,DNS: Query for .to TLD,tmb_klm1 (147.232.31.42),1,rs3.tuke.sk (193.87.100.12),1,Automatically created subnet (147.232.31.0/24),1,Zdruzenie pouzivatelov Slovenskej akademickej datovej siete,1,,,DNS (53),REMOTE,UDP (17),3,2024-06-26 08:37:00,2024-06-26 12:45:59
3,mendel,eno2,Outlier: Flows at Host,tmb_klm1 (147.232.31.42),1,,,Automatically created subnet (147.232.31.0/24),1,,,,,,REMOTE,IP (0),3,2024-06-25 08:27:00,2024-06-25 08:36:59
3,mendel,eno2,Hunting: SUSPICIOUS Dotted Quad Host MZ Response,g6-55-o7d (147.232.31.42),1,46.228.221.162,1,Automatically created subnet (147.232.31.0/24),1,DataNetworks s.r.o.,1,,,HTTP (80),REMOTE,TCP (6),3,2024-06-25 07:57:00,2024-06-25 07:59:59
3,mendel,eno2,Policy: PE EXE or DLL Windows file download HTTP,g6-55-o7d (147.232.31.42),1,46.228.221.162,1,Automatically created subnet (147.232.31.0/24),1,DataNetworks s.r.o.,1,,,HTTP (80),REMOTE,TCP (6),3,2024-06-25 07:57:00,2024-06-25 07:59:59
3,mendel,eno2,Info: EXE - Served Attached HTTP,tmb_klm1 (147.232.31.42),1,download.visualstudio.microsoft.com (68.232.34.200),1,Automatically created subnet (147.232.31.0/24),1,EDGECAST,1,,,HTTP (80),REMOTE,TCP (6),2,2024-06-26 12:45:00,2024-06-26 12:46:59
3,mendel,eno2,DNS: Query for .cc TLD,tmb_klm1 (147.232.31.42),1,rs1.tuke.sk (147.232.3.2),1,Automatically created subnet (147.232.31.0/24),1,Zdruzenie pouzivatelov Slovenskej akademickej datovej siete,1,,,DNS (53),REMOTE,UDP (17),2,2024-06-26 08:30:00,2024-06-26 08:31:59
3,mendel,eno2,Info: WinHttp AutoProxy Request wpad.dat Possible BadTunnel,tmb_klm1 (147.232.31.42),1,wpad.sk (31.31.75.245),2,Automatically created subnet (147.232.31.0/24),1,"WEDOS Internet, a.s.",1,,,HTTP (80),REMOTE,TCP (6),2,2024-06-25 08:36:00,2024-06-26 08:49:59
3,mendel,eno2,P2P: BitTorrent peer sync,tmb_klm1 (147.232.31.42),1,bl9-92-254.dsl.telepac.pt (85.242.92.254),1,Automatically created subnet (147.232.31.0/24),1,Servicos De Comunicacoes E Multimedia S.A.,1,,,8999,REMOTE,TCP (6),2,2024-06-26 08:45:00,2024-06-26 08:51:59
3,mendel,eno2,P2P: BitTorrent peer sync,tmb_klm1 (147.232.31.42),1,host-103-119-64-216.myrepublic.co.id (103.119.64.216),1,Automatically created subnet (147.232.31.0/24),1,PT. Eka Mas Republik,1,,,19124,REMOTE,TCP (6),2,2024-06-26 08:38:00,2024-06-26 08:52:59
3,mendel,eno2,P2P: BitTorrent peer sync,tpl_lom3.local (147.232.31.42),1,83.240.8.59,1,Automatically created subnet (147.232.31.0/24),1,Nej.cz s.r.o.,1,,,42711,REMOTE,TCP (6),1,2024-06-18 09:44:00,2024-06-18 09:45:59
3,mendel,eno2,Info: Microsoft Connection Test,tpl_lom3.local (147.232.31.42),1,www.msftconnecttest.com (87.244.222.41),1,Automatically created subnet (147.232.31.0/24),1,ENERGOTEL a.s.,1,,,HTTP (80),REMOTE,TCP (6),1,2024-06-18 09:44:00,2024-06-18 09:45:59
3,mendel,eno2,Hunting: SUSPICIOUS Dotted Quad Host MZ Response,g6-55-o7d (147.232.31.42),1,46.228.223.162,1,Automatically created subnet (147.232.31.0/24),1,DataNetworks s.r.o.,1,,,HTTP (80),REMOTE,TCP (6),1,2024-06-26 07:59:00,2024-06-26 08:00:59
3,mendel,eno2,Policy: PE EXE or DLL Windows file download HTTP,g6-55-o7d (147.232.31.42),1,46.228.223.162,1,Automatically created subnet (147.232.31.0/24),1,DataNetworks s.r.o.,1,,,HTTP (80),REMOTE,TCP (6),1,2024-06-26 07:59:00,2024-06-26 08:00:59
3,mendel,eno2,DNS: Non-DNS or Non-Compliant DNS traffic on DNS port Opcode 6 or 7 set,tmb_klm1 (147.232.31.42),1,103.77.137.170,1,Automatically created subnet (147.232.31.0/24),1,Alliance Broadband Services Pvt. Ltd.,1,,,BITTORRENT-DHT (53),REMOTE,UDP (17),1,2024-06-26 08:48:00,2024-06-26 08:49:59
3,mendel,eno2,DNS: Query to a .tk domain - Likely Hostile,tmb_klm1 (147.232.31.42),1,rs2.tuke.sk (147.232.16.16),1,Automatically created subnet (147.232.31.0/24),1,Zdruzenie pouzivatelov Slovenskej akademickej datovej siete,1,,,DNS (53),REMOTE,UDP (17),1,2024-06-26 08:37:00,2024-06-26 08:38:59
3,mendel,eno2,P2P: BitTorrent peer sync,tmb_klm1 (147.232.31.42),1,217.138.195.27,1,Automatically created subnet (147.232.31.0/24),1,M247 Europe SRL,1,,,57931,REMOTE,TCP (6),1,2024-06-26 08:47:00,2024-06-26 08:48:59
3,mendel,eno2,Policy: Request to an external DNS server,g6-55-o7d (147.232.31.42),1,8.8.4.4,1,Automatically created subnet (147.232.31.0/24),1,GOOGLE,1,,,DNS (53),REMOTE,UDP (17),1,2024-06-25 07:57:00,2024-06-25 07:58:59
3,mendel,eno2,Info: Weak cipher suite used in communication,tmb_klm1 (147.232.31.42),1,pixel.rubiconproject.com (69.173.144.165),1,Automatically created subnet (147.232.31.0/24),1,RUBICONPROJECT,1,,,HTTPS (443),REMOTE,TCP (6),1,2024-06-18 13:07:00,2024-06-18 13:08:59
3,mendel,eno2,Info: Weak cipher suite used in communication,tmb_klm1 (147.232.31.42),1,data.ad-score.com (130.211.115.4),1,Automatically created subnet (147.232.31.0/24),1,GOOGLE-CLOUD-PLATFORM,1,,,HTTPS (443),REMOTE,TCP (6),1,2024-06-18 09:47:00,2024-06-18 09:48:59
2,mendel,eno2,Misc: UPnP malformed advertisement,tmb_klm1 (147.232.31.42),2,239.255.255.250,1,Automatically created subnet (147.232.31.0/24),1,Multicast: Administratively scoped (239.0.0.0/8),1,,,1900,ANY,UDP (17),207,2024-06-25 07:57:00,2024-06-26 15:09:59
2,mendel,eno2,Info: External IP Lookup Service in DNS Query (ip-info .ff .avast .com),tmb_klm1 (147.232.31.42),1,rs1.tuke.sk (147.232.3.2),1,Automatically created subnet (147.232.31.0/24),1,Zdruzenie pouzivatelov Slovenskej akademickej datovej siete,1,,,DNS (53),REMOTE,UDP (17),17,2024-06-18 12:07:00,2024-06-26 12:45:59
2,mendel,eno2,Info: Observed External IP Lookup Domain (ip-info .ff .avast .com) in TLS SNI,tmb_klm1 (147.232.31.42),1,ip-info.ff.avast.com (34.149.149.62),1,Automatically created subnet (147.232.31.0/24),1,GOOGLE-CLOUD-PLATFORM,1,,,HTTPS (443),REMOTE,TCP (6),10,2024-06-18 12:07:00,2024-06-26 12:45:59
2,mendel,eno2,Outlier: Data at Subnet,tmb_klm1 (147.232.31.42),1,,,Automatically created subnet (147.232.31.0/24),1,,,,,,REMOTE,IP (0),3,2024-06-18 10:00:00,2024-06-18 10:06:59
2,mendel,eno2,Info: Avast! User-Agent detected,tmb_klm1 (147.232.31.42),1,a117.dscd.akamai.net (87.244.222.17),1,Automatically created subnet (147.232.31.0/24),1,ENERGOTEL a.s.,1,,,HTTP (80),REMOTE,TCP (6),3,2024-06-25 07:57:00,2024-06-25 08:37:59
2,mendel,eno2,Info: Avast! User-Agent detected,tmb_klm1 (147.232.31.42),1,t1024579.iavs9x.u.avast.com (62.197.198.176),1,Automatically created subnet (147.232.31.0/24),1,"SWAN, a.s.",1,,,HTTP (80),REMOTE,TCP (6),2,2024-06-26 07:58:00,2024-06-26 12:45:59
2,mendel,eno2,Info: Avast! User-Agent detected,tmb_klm1 (147.232.31.42),1,c3978047.vps18.u.avcdn.net (87.244.222.19),1,Automatically created subnet (147.232.31.0/24),1,ENERGOTEL a.s.,1,,,HTTP (80),REMOTE,TCP (6),2,2024-06-25 07:57:00,2024-06-25 08:35:59
2,mendel,eno2,Hunting: If-Unmodified-Since Header with Microsoft BITS User-Agent,tmb_klm1 (147.232.31.42),1,emupdate.avcdn.net (62.197.198.170),1,Automatically created subnet (147.232.31.0/24),1,"SWAN, a.s.",1,,,HTTP (80),REMOTE,TCP (6),2,2024-06-26 07:58:00,2024-06-26 12:45:59
2,mendel,eno2,ICMP-info: PING *NIX,79.124.49.78,1,tmb_klm1 (147.232.31.42),1,Tamatiya EOOD,1,Automatically created subnet (147.232.31.0/24),1,,,Echo,LOCAL,ICMP (1),1,2024-06-25 09:47:00,2024-06-25 09:48:59
2,mendel,eno2,ICMP-info: PING BSDtype,79.124.49.78,1,tmb_klm1 (147.232.31.42),1,Tamatiya EOOD,1,Automatically created subnet (147.232.31.0/24),1,,,Echo,LOCAL,ICMP (1),1,2024-06-25 09:47:00,2024-06-25 09:48:59
2,mendel,eno2,Info: Avast! User-Agent detected,tmb_klm1 (147.232.31.42),1,a117.dscd.akamai.net (87.244.222.40),1,Automatically created subnet (147.232.31.0/24),1,ENERGOTEL a.s.,1,,,HTTP (80),REMOTE,TCP (6),1,2024-06-25 09:11:00,2024-06-25 09:12:59
2,mendel,eno2,Outlier: Peers at Subnet,tmb_klm1 (147.232.31.42),1,,,Automatically created subnet (147.232.31.0/24),1,,,,,,REMOTE,IP (0),1,2024-06-18 09:56:00,2024-06-18 09:57:59
2,mendel,eno2,Hunting: If-Unmodified-Since Header with Microsoft BITS User-Agent,tmb_klm1 (147.232.31.42),1,emupdate.avcdn.net (62.197.198.168),1,Automatically created subnet (147.232.31.0/24),1,"SWAN, a.s.",1,,,HTTP (80),REMOTE,TCP (6),1,2024-06-18 13:04:00,2024-06-18 13:05:59
2,mendel,eno2,Info: Avast! User-Agent detected,tmb_klm1 (147.232.31.42),1,g1928587.iavs9x.u.avast.com (62.197.198.169),1,Automatically created subnet (147.232.31.0/24),1,"SWAN, a.s.",1,,,HTTP (80),REMOTE,TCP (6),1,2024-06-18 13:04:00,2024-06-18 13:05:59
1,mendel,eno2,Policy: PE EXE or DLL Windows file download HTTP,tmb_klm1 (147.232.31.42),1,download.visualstudio.microsoft.com (68.232.34.200),1,Automatically created subnet (147.232.31.0/24),1,EDGECAST,1,,,HTTP (80),REMOTE,TCP (6),1,2024-06-26 12:45:00,2024-06-26 12:46:59
